column,row,label,context,label_clean,kg_id,kg_labels,kg_aliases,method,kg_descriptions,pagerank,retrieval_score,GT_kg_id,GT_kg_label,evaluation_label,monge_elkan,des_cont_jaccard,jaro_winkler,graph-embedding-score,singleton,reciprocal_rank,num_char,num_tokens,siamese_pred,correct
1,0,Red Dead Redemption,"2010|Open World: (Third-Person) Shooter|PlayStation 3, Xbox 360|Rockstar San Diego",Red Dead Redemption,Q548203,Red Dead Redemption,,exact-match,2010 action-adventure video game,1.3892879715013064e-06,0.22088423997519224,Q548203,Red Dead Redemption,1,1.0,0.25,1.0,0.8315580140952763,1.0,0.3306451612903225,0.07692307692307693,0.07894736842105263,1.0,1
1,0,Red Dead Redemption,"2010|Open World: (Third-Person) Shooter|PlayStation 3, Xbox 360|Rockstar San Diego",Red Dead Redemption,Q3931421,Red Dead Redemption: The Man from Blackwater,,fuzzy-augmented,2010 film,3.6629798362729013e-07,0.18446561638289138,Q548203,Red Dead Redemption,-1,0.8599567099567099,0.5,0.8863636363636364,0.6736793350596454,0.235480627909748,0.07963709677419355,0.17813765182186236,0.18421052631578946,0.9999998807907104,1
1,0,Red Dead Redemption,"2010|Open World: (Third-Person) Shooter|PlayStation 3, Xbox 360|Rockstar San Diego",Red Dead Redemption,Q27438121,Red Dead Redemption 2,RDR2|RDR 2|Red Dead Redemption II|RDR II|Red Dead 2,fuzzy-augmented,2018 western-themed action-adventure video game,9.092834502763557e-07,0.29575078655715914,Q548203,Red Dead Redemption,-1,0.875,0.0,0.9809523809523808,0.8300056138836477,0.235480627909748,0.24697580645161288,0.08502024291497975,0.10526315789473684,0.9999997615814209,1
1,0,Red Dead Redemption,"2010|Open World: (Third-Person) Shooter|PlayStation 3, Xbox 360|Rockstar San Diego",Red Dead Redemption,Q641697,Red Dead Revolver,,fuzzy-augmented,2004 third-person shooter video game,6.214642911791822e-07,0.1989903395472015,Q548203,Red Dead Redemption,-1,0.9125925925925926,0.125,0.8743986663491308,0.8222897272515239,0.235480627909748,0.1967741935483871,0.06882591093117409,0.07894736842105263,0.9999995231628418,1
1,0,Red Dead Redemption,"2010|Open World: (Third-Person) Shooter|PlayStation 3, Xbox 360|Rockstar San Diego",Red Dead Redemption,Q1030206,Undead Nightmare,Red Dead Redemption: Undead Nightmare,fuzzy-augmented,2010 video game downloadable content,3.955041957433531e-07,0.26057247930952093,Q548203,Red Dead Redemption,-1,0.5879629629629629,0.2,0.5837719298245614,0.8475312357178982,0.235480627909748,0.9999999999999999,0.06477732793522267,0.05263157894736842,0.9999963045120239,1
1,1,Uncharted 2: Among Thieves,"2009|Action-adventure, Third-person shooter|PlayStation 3|Naughty Dog",Uncharted 2  Among Thieves,Q17146,Uncharted 2: Among Thieves,,fuzzy-augmented,2009 video game,5.868211585736621e-07,0.4495307283326596,Q17146,Uncharted 2: Among Thieves,1,0.86625,0.3333333333333333,0.9606153846153846,0.7859793231009721,0.235480627909748,0.24697580645161288,0.10526315789473684,0.10526315789473684,1.0,1
1,1,Uncharted 2: Among Thieves,"2009|Action-adventure, Third-person shooter|PlayStation 3|Naughty Dog",Uncharted 2  Among Thieves,Q20082627,Uncharted,,fuzzy-augmented,2009 film,3.436024992699295e-07,0.18455266345036797,Q17146,Uncharted 2: Among Thieves,-1,0.693968253968254,0.5,0.8692307692307693,0.5145544885111359,0.235480627909748,0.013278642936596231,0.03643724696356275,0.02631578947368421,0.9999998807907104,1
1,1,Uncharted 2: Among Thieves,"2009|Action-adventure, Third-person shooter|PlayStation 3|Naughty Dog",Uncharted 2  Among Thieves,Q1064135,Uncharted,Uncharted Series,fuzzy-augmented,video game series,1.085918686290058e-06,0.1852686304168764,Q17146,Uncharted 2: Among Thieves,-1,0.693968253968254,0.0,0.8692307692307693,0.7763721369961689,0.235480627909748,0.1633064516129032,0.03643724696356275,0.02631578947368421,0.9999877214431763,1
1,1,Uncharted 2: Among Thieves,"2009|Action-adventure, Third-person shooter|PlayStation 3|Naughty Dog",Uncharted 2  Among Thieves,Q17138,Uncharted 3: Drake\s Deception,,fuzzy-augmented,2011 action-adventure third-person shooter platform video game,4.005768447375376e-07,0.16961516673728821,Q17146,Uncharted 2: Among Thieves,-1,0.4504497354497354,0.25,0.8471794871794872,0.751984406251555,0.235480627909748,0.10752688172043011,0.12145748987854252,0.10526315789473684,0.9999722242355347,1
1,1,Uncharted 2: Among Thieves,"2009|Action-adventure, Third-person shooter|PlayStation 3|Naughty Dog",Uncharted 2  Among Thieves,Q11233573,Uncharted Waters,,fuzzy-augmented,video game released in 1990,3.436024992699295e-07,0.15697413844760222,Q17146,Uncharted 2: Among Thieves,-1,0.6205555555555555,0.0,0.8423076923076923,0.7798581151994779,0.235480627909748,0.1967741935483871,0.06477732793522267,0.05263157894736842,0.9998165965080261,1
1,10,Tony Hawk's Pro Skater 2,"2000|Sports|PC, Nintendo 64, PlayStation, Dreamcast|Activision",Tony Hawk's Pro Skater 2,Q21772565,Tony Hawk\s Pro Skater 2x,,fuzzy-augmented,skateboarding video game,3.436024992699295e-07,0.39925092073223595,Q1538485,Tony Hawk\\'s Pro Skater 2,-1,0.9566666666666668,0.0,0.9756666666666668,0.8095880906244562,0.235480627909748,0.1967741935483871,0.10121457489878542,0.13157894736842105,1.0,0
1,10,Tony Hawk's Pro Skater 2,"2000|Sports|PC, Nintendo 64, PlayStation, Dreamcast|Activision",Tony Hawk's Pro Skater 2,Q1538485,Tony Hawk\s Pro Skater 2,,fuzzy-augmented,video game,4.2597613343463215e-07,0.42138437623760655,Q1538485,Tony Hawk\\'s Pro Skater 2,1,0.9866666666666668,0.0,0.9833333333333334,0.8083483035262229,0.235480627909748,0.1633064516129032,0.09716599190283401,0.13157894736842105,1.0,0
1,10,Tony Hawk's Pro Skater 2,"2000|Sports|PC, Nintendo 64, PlayStation, Dreamcast|Activision",Tony Hawk's Pro Skater 2,Q2757933,Tony Hawk\s Pro Skater HD,,fuzzy-augmented,2012 video game,3.436024992699295e-07,0.37882539609648525,Q1538485,Tony Hawk\\'s Pro Skater 2,-1,0.8422222222222222,0.0,0.9593333333333334,0.8306384955146178,0.235480627909748,0.9999999999999999,0.10121457489878542,0.13157894736842105,0.9999998807907104,0
1,10,Tony Hawk's Pro Skater 2,"2000|Sports|PC, Nintendo 64, PlayStation, Dreamcast|Activision",Tony Hawk's Pro Skater 2,Q94587084,Tony Hawk\s Pro Skater 1 + 2,Tony Hawk\s Pro Skater 1+2|THPS 1 + 2|Pro Skater 1+2|THPS 1+2|Pro Skater 1 and 2|Pro Skater 1 + 2|THPS 1 and 2|Tony Hawk\s Pro Skater 1 and 2,fuzzy-augmented,2020 skateboarding video game developed by Vicarious Visions,3.436024992699295e-07,0.38371309555368077,Q1538485,Tony Hawk\\'s Pro Skater 2,-1,0.8457142857142858,0.0,0.9559523809523808,0.8143923864394651,0.235480627909748,0.3306451612903225,0.11336032388663968,0.18421052631578946,0.9999998807907104,0
1,10,Tony Hawk's Pro Skater 2,"2000|Sports|PC, Nintendo 64, PlayStation, Dreamcast|Activision",Tony Hawk's Pro Skater 2,Q1512956,Tony Hawk\s Pro Skater 4,,fuzzy-augmented,video game,3.436024992699295e-07,0.37310222196065446,Q1538485,Tony Hawk\\'s Pro Skater 2,-1,0.7866666666666667,0.0,0.9666666666666666,0.8276169873333099,0.235480627909748,0.4979838709677419,0.09716599190283401,0.13157894736842105,0.9999998807907104,0
1,11,Soul Calibur,1999|Fighting|Sega Dreamcast|Namco,Soul Calibur,Q1060715,Soulcalibur,,fuzzy-augmented,video game,3.78962598500862e-07,0.32295300023464724,Q1207356,Soulcalibur,-1,0.7351731601731601,0.0,0.9833333333333332,0.759990926013955,0.235480627909748,0.1633064516129032,0.04453441295546559,0.02631578947368421,0.9999995231628418,0
1,11,Soul Calibur,1999|Fighting|Sega Dreamcast|Namco,Soul Calibur,Q1194617,Soulcalibur Legends,,fuzzy-augmented,2007 video game,3.436024992699295e-07,0.26333458692378725,Q1207356,Soulcalibur,-1,0.6506493506493507,0.0,0.8991228070175439,0.8218443468997617,0.235480627909748,0.9999999999999999,0.07692307692307693,0.05263157894736842,0.999996542930603,0
1,11,Soul Calibur,1999|Fighting|Sega Dreamcast|Namco,Soul Calibur,Q2501650,Soulcalibur V,,fuzzy-augmented,2012 video game,3.609451924260139e-07,0.2580016532731718,Q1207356,Soulcalibur,-1,0.516991341991342,0.0,0.9525641025641024,0.8135514338309179,0.235480627909748,0.4979838709677419,0.05263157894736842,0.05263157894736842,0.9999961853027344,0
1,11,Soul Calibur,1999|Fighting|Sega Dreamcast|Namco,Soul Calibur,Q1207356,Soulcalibur,Soul series|Soul,fuzzy-augmented,video game series,9.03753728375121e-06,0.2644991481880866,Q1207356,Soulcalibur,1,0.7351731601731601,0.0,0.9833333333333332,0.6561340258266938,0.235480627909748,0.07963709677419355,0.04453441295546559,0.02631578947368421,0.9999958276748657,0
1,11,Soul Calibur,1999|Fighting|Sega Dreamcast|Namco,Soul Calibur,Q2067832,Soulcalibur II,,fuzzy-augmented,2002 video game,5.379107121847507e-07,0.2806139541978063,Q1207356,Soulcalibur,-1,0.516991341991342,0.0,0.9404761904761904,0.7604366878208862,0.235480627909748,0.1967741935483871,0.05668016194331984,0.05263157894736842,0.9999957084655762,0
1,12,The Legend of Zelda: Ocarina of Time,1998|Action-adventure|Nintendo 64|Nintendo,The Legend of Zelda  Ocarina of Time,Q213911,The Legend of Zelda: Ocarina of Time,OoT|Zelda 64|Zelda OoT|Ocarina of Time|Zelda Ocarina of Time|Zelda: OoT|Zelda: Ocarina of Time|TloZ: OoT,fuzzy-augmented,1998 video game for the Nintendo 64,1.1911033254103161e-06,0.6109133848077564,Q213911,The Legend of Zelda: Ocarina of Time,1,0.9330357142857144,0.2857142857142857,0.9603174603174603,0.8196125762481342,0.235480627909748,0.3306451612903225,0.145748987854251,0.18421052631578946,1.0,1
1,12,The Legend of Zelda: Ocarina of Time,1998|Action-adventure|Nintendo 64|Nintendo,The Legend of Zelda  Ocarina of Time,Q735613,The Legend of Zelda: Twilight Princess,TLoZ: TP|Zelda: Twilight Princess|TLOZ: TP|TLOZ: Twilight Princess|Zelda: TP|TLoZ: Twilight Princess|Twilight Princess,fuzzy-augmented,2006 action-adventure video game,6.033000517170999e-07,0.33694788585033064,Q213911,The Legend of Zelda: Ocarina of Time,-1,0.8192956349206348,0.25,0.8814954051796157,0.8093092824184346,0.235480627909748,0.1633064516129032,0.15384615384615385,0.15789473684210525,1.0,1
1,12,The Legend of Zelda: Ocarina of Time,1998|Action-adventure|Nintendo 64|Nintendo,The Legend of Zelda  Ocarina of Time,Q861205,The Legend of Zelda: Skyward Sword,,fuzzy-augmented,2011 video game on the Nintendo Wii,6.300602614114573e-07,0.36766852590744836,Q213911,The Legend of Zelda: Ocarina of Time,-1,0.8134424603174604,0.14285714285714285,0.8578431372549019,0.8276802534227766,0.235480627909748,0.4979838709677419,0.13765182186234817,0.15789473684210525,1.0,1
1,12,The Legend of Zelda: Ocarina of Time,1998|Action-adventure|Nintendo 64|Nintendo,The Legend of Zelda  Ocarina of Time,Q12395,The Legend of Zelda,The Legend of Zelda (video game)|LoZ: The Hyrule Fantasy|THE HYRULE FANTASY|The Hyrule Fantasy|Legend of Zelda: The Hyrule Fantasy,fuzzy-augmented,1986 action-adventure video game,6.4025013664677e-07,0.34433714228316137,Q213911,The Legend of Zelda: Ocarina of Time,-1,0.8936011904761905,0.25,0.9055555555555556,0.8004017852047628,0.235480627909748,0.07963709677419355,0.07692307692307693,0.10526315789473684,1.0,1
1,12,The Legend of Zelda: Ocarina of Time,1998|Action-adventure|Nintendo 64|Nintendo,The Legend of Zelda  Ocarina of Time,Q2714265,The Legend of Zelda: Ocarina of Time Master Quest,,fuzzy-augmented,2002 video game,3.729296867799899e-07,0.447305646853947,Q213911,The Legend of Zelda: Ocarina of Time,-1,0.8847993827160494,0.0,0.9024943310657596,0.8160468436427546,0.235480627909748,0.24697580645161288,0.19838056680161945,0.23684210526315788,0.9999998807907104,1
1,13,Goldeneye 007,1997|Shooter|Nintendo 64|Rare,Goldeneye 007,Q2708114,GoldenEye 007,,fuzzy-augmented,2010 video game,4.160386046672296e-07,0.3237374726017853,Q369086,GoldenEye 007,-1,1.0,0.0,1.0,0.7933255855121767,0.235480627909748,0.3306451612903225,0.05263157894736842,0.05263157894736842,1.0,0
1,13,Goldeneye 007,1997|Shooter|Nintendo 64|Rare,Goldeneye 007,Q369086,GoldenEye 007,,fuzzy-augmented,1997 video game,5.49001905766426e-07,0.29873011982794023,Q369086,GoldenEye 007,1,1.0,0.3333333333333333,1.0,0.7851563864424013,0.235480627909748,0.1967741935483871,0.05263157894736842,0.05263157894736842,1.0,0
1,13,Goldeneye 007,1997|Shooter|Nintendo 64|Rare,Goldeneye 007,Q19089,GoldenEye,,fuzzy-augmented,1995 James Bond film by Martin Campbell,1.1668916068573583e-06,0.3049012162406877,Q369086,GoldenEye 007,-1,0.75,0.0,0.9384615384615383,0.5861095098284791,0.235480627909748,0.04616935483870969,0.03643724696356275,0.02631578947368421,0.9999959468841553,0
1,13,Goldeneye 007,1997|Shooter|Nintendo 64|Rare,Goldeneye 007,Q3772920,GoldenEye Reloaded 007,,fuzzy-augmented,,3.436024992699295e-07,0.25989317820919366,Q369086,GoldenEye 007,-1,0.9433641975308642,0.0,0.8447552447552448,0.7080752937194119,0.235480627909748,0.0963709677419355,0.08906882591093118,0.07894736842105263,0.9999943971633911,0
1,13,Goldeneye 007,1997|Shooter|Nintendo 64|Rare,Goldeneye 007,Q60786878,GoldenEye,,fuzzy-augmented,,3.6481393628607503e-07,0.1944977883640298,Q369086,GoldenEye 007,-1,0.75,0.0,0.9384615384615383,0.7061306043058955,0.235480627909748,0.08724340175953081,0.03643724696356275,0.02631578947368421,0.9999831914901733,0
1,14,Super Mario 64,1996|Action-platformer|Nintendo 64|Nintendo,Super Mario 64,Q216995,Super Mario 64,SM 64|スーパーマリオ64|M64|SM64|M 64|Mario 64,exact-match,1996 platform video game developed by Nintendo,9.897859797844363e-07,0.2143052981667525,Q216995,Super Mario 64,1,1.0,0.14285714285714285,1.0,0.8228675225888695,0.235480627909748,0.4979838709677419,0.05668016194331984,0.07894736842105263,1.0,1
1,14,Super Mario 64,1996|Action-platformer|Nintendo 64|Nintendo,Super Mario 64,Q1142888,Super Mario 64 DS,,fuzzy-augmented,2004 platform video game developed by Nintendo,7.541714243767726e-07,0.2909678307171272,Q216995,Super Mario 64,-1,0.9458333333333332,0.14285714285714285,0.9647058823529412,0.8073256529883932,0.235480627909748,0.3306451612903225,0.06882591093117409,0.10526315789473684,1.0,1
1,14,Super Mario 64,1996|Action-platformer|Nintendo 64|Nintendo,Super Mario 64,Q1046604,Mario Kart 64,MK64|MK 64,fuzzy-augmented,1996 racing video game,1.5750578225461464e-06,0.24247673904110867,Q216995,Super Mario 64,-1,0.8527777777777779,0.25,0.7278388278388279,0.8000339942056202,0.235480627909748,0.1967741935483871,0.05263157894736842,0.07894736842105263,0.9999997615814209,1
1,14,Super Mario 64,1996|Action-platformer|Nintendo 64|Nintendo,Super Mario 64,Q17630799,Super Mario 64 2,,fuzzy-augmented,rumoured sequel to Super Mario 64,3.9177943696566764e-07,0.29065803927625994,Q216995,Super Mario 64,-1,0.875,0.14285714285714285,0.975,0.6721479057880145,0.235480627909748,0.011904761904761915,0.06477732793522267,0.10526315789473684,0.9999995231628418,1
1,14,Super Mario 64,1996|Action-platformer|Nintendo 64|Nintendo,Super Mario 64,Q1063119,Super Mario RPG,Mario RPG: LotSS|Mario RPG: Legend of the Seven Stars|SMRPG: Legend of the Seven Stars|SMRPG: LotSS|LotSS|Legend of the Seven Stars|Super Mario RPG: LotSS|Super Mario RPG|SMRPG,fuzzy-augmented,1996 action role-playing game,1.1445431738335514e-06,0.19847545955409276,Q216995,Super Mario 64,-1,0.7518518518518518,0.25,0.9314285714285714,0.7555664054389551,0.235480627909748,0.037802419354838704,0.06072874493927126,0.07894736842105263,0.9999994039535522,1
1,15,Twisted Metal,1995|Action-driving game|PlayStation|SingleTrac,Twisted Metal,Q2466962,Twisted Metal 4,,fuzzy-augmented,1999 video game,3.436024992699295e-07,0.2449926222799255,Q2995061,Twisted Metal,-1,0.8333333333333333,0.25,0.9733333333333334,0.8364952687400237,0.235480627909748,0.9999999999999999,0.06072874493927126,0.07894736842105263,1.0,0
1,15,Twisted Metal,1995|Action-driving game|PlayStation|SingleTrac,Twisted Metal,Q2995061,Twisted Metal,,exact-match,video game series,1.0349354965613845e-06,0.20997183265234368,Q2995061,Twisted Metal,1,1.0,0.25,1.0,0.7073920338217183,0.235480627909748,0.05871975806451613,0.05263157894736842,0.05263157894736842,1.0,0
1,15,Twisted Metal,1995|Action-driving game|PlayStation|SingleTrac,Twisted Metal,Q2982122,Twisted Metal,,fuzzy-augmented,2012 video game,3.436024992699295e-07,0.26304440627388503,Q2995061,Twisted Metal,-1,1.0,0.25,1.0,0.8348543144356954,0.235480627909748,0.4979838709677419,0.05263157894736842,0.05263157894736842,1.0,0
1,15,Twisted Metal,1995|Action-driving game|PlayStation|SingleTrac,Twisted Metal,Q2978434,Twisted Metal: Black,,fuzzy-augmented,2001 video game,3.436024992699295e-07,0.2564460573171694,Q2995061,Twisted Metal,-1,0.8972222222222224,0.25,0.93,0.8203394720134353,0.235480627909748,0.24697580645161288,0.08097165991902834,0.07894736842105263,1.0,0
1,15,Twisted Metal,1995|Action-driving game|PlayStation|SingleTrac,Twisted Metal,Q1967293,Twisted Metal,,fuzzy-augmented,1995 video game,4.898712797469079e-07,0.27144808839844037,Q2995061,Twisted Metal,-1,1.0,0.3333333333333333,1.0,0.8017671310802987,0.235480627909748,0.1633064516129032,0.05263157894736842,0.05263157894736842,1.0,0
1,16,Donkey Kong Country,1994|Action-platformer|Super Nintendo|Rare,Donkey Kong Country,Q2564684,Donkey Kong,,fuzzy-augmented,1994 platform game for the Game Boy,1.0937574664597787e-06,0.2553198826997746,Q518987,Donkey Kong Country,-1,0.9404761904761904,0.16666666666666666,0.9157894736842104,0.8161425378459277,0.235480627909748,0.3306451612903225,0.04453441295546559,0.05263157894736842,1.0,0
1,16,Donkey Kong Country,1994|Action-platformer|Super Nintendo|Rare,Donkey Kong Country,Q518987,Donkey Kong Country,DKC,fuzzy-augmented,1994 side-scroller platform video game for the SNES,8.153468474664555e-07,0.3093443637074719,Q518987,Donkey Kong Country,1,1.0,0.125,1.0,0.7751266278403274,0.235480627909748,0.055028462998102476,0.07692307692307693,0.07894736842105263,0.9999998807907104,0
1,16,Donkey Kong Country,1994|Action-platformer|Super Nintendo|Rare,Donkey Kong Country,Q585939,Donkey Kong Country Returns,Donkey Kong Country Returns 3D|DKCR,fuzzy-augmented,2D platformer video game developed by Retro Studios,4.0592479245364506e-07,0.31565001702707435,Q518987,Donkey Kong Country,-1,0.9434523809523808,0.0,0.9407407407407408,0.806535084408002,0.235480627909748,0.1967741935483871,0.10931174089068826,0.10526315789473684,0.9999997615814209,0
1,16,Donkey Kong Country,1994|Action-platformer|Super Nintendo|Rare,Donkey Kong Country,Q16201230,Donkey Kong Country,Super Donkey Kong,fuzzy-augmented,video game series,9.531648353980995e-07,0.3496739247806017,Q518987,Donkey Kong Country,-1,1.0,0.0,1.0,0.7209301444431921,0.235480627909748,0.02734375000000001,0.07692307692307693,0.07894736842105263,0.9999996423721313,0
1,16,Donkey Kong Country,1994|Action-platformer|Super Nintendo|Rare,Donkey Kong Country,Q936413,Donkey Kong Jungle Beat,,fuzzy-augmented,2004 Nintendo GameCube Game,3.436024992699295e-07,0.21037122687643625,Q518987,Donkey Kong Country,-1,0.8249007936507937,0.2,0.8883295194508009,0.8008638178212414,0.235480627909748,0.10752688172043011,0.0931174089068826,0.10526315789473684,0.9999995231628418,0
1,17,Samurai Shodown,1993|Fighting|Neo-Geo MVS|SNK,Samurai Shodown,Q1209867,Samurai Shodown,,fuzzy-augmented,1993 video game,1.0039189081094595e-06,0.33742346280443375,Q6498489,Samurai Shodown,-1,1.0,0.3333333333333333,1.0,0.751086668042069,0.235480627909748,0.13940092165898615,0.06072874493927126,0.05263157894736842,1.0,-1
1,17,Samurai Shodown,1993|Fighting|Neo-Geo MVS|SNK,Samurai Shodown,Q60743293,Samurai Shodown,Samurai Spirits,fuzzy-augmented,2019 video game,3.5313277164304526e-07,0.3372937933221184,Q6498489,Samurai Shodown,-1,1.0,0.0,1.0,0.7208904104618954,0.235480627909748,0.05871975806451613,0.06072874493927126,0.05263157894736842,0.9999997615814209,-1
1,17,Samurai Shodown,1993|Fighting|Neo-Geo MVS|SNK,Samurai Shodown,Q3122108,Samurai Shodown Anthology,,fuzzy-augmented,,3.436024992699295e-07,0.2680698903745585,Q6498489,Samurai Shodown,-1,0.9312169312169312,0.0,0.92,0.7884404063290137,0.235480627909748,0.4979838709677419,0.10121457489878542,0.07894736842105263,0.9999996423721313,-1
1,17,Samurai Shodown,1993|Fighting|Neo-Geo MVS|SNK,Samurai Shodown,Q3282619,Samurai Shodown! 2,,fuzzy-augmented,1999 video game,3.5313277164304526e-07,0.2680698903745585,Q6498489,Samurai Shodown,-1,0.8229166666666667,0.0,0.9666666666666668,0.778252372829115,0.235480627909748,0.3306451612903225,0.0728744939271255,0.07894736842105263,0.9999996423721313,-1
1,17,Samurai Shodown,1993|Fighting|Neo-Geo MVS|SNK,Samurai Shodown,Q3045091,Samurai Shodown VI,,fuzzy-augmented,2005 video game,3.5313277164304526e-07,0.2977365675118534,Q6498489,Samurai Shodown,-1,0.8333333333333333,0.0,0.9666666666666668,0.7562904507283651,0.235480627909748,0.1967741935483871,0.0728744939271255,0.07894736842105263,0.9999995231628418,-1
1,18,Street Fighter II,1992|Fighting|Super Nintendo|Capcom,Street Fighter II,Q5575485,Street Fighter II: Champion Edition,Street Fighter II: Champion Edition|Street Fighter II\: Champion Edition,fuzzy-augmented,1992 arcade game,3.436024992699295e-07,0.2582904389706534,Q1133204,Street Fighter II: The World Warrior,-1,0.8733201058201058,0.3333333333333333,0.8971428571428571,0.7282154629197294,0.235480627909748,0.02943548387096775,0.1417004048582996,0.13157894736842105,0.9999998807907104,0
1,18,Street Fighter II,1992|Fighting|Super Nintendo|Capcom,Street Fighter II,Q1133204,Street Fighter II: The World Warrior,SF 2|SF2|SFII|Street Fighter 2|Street Fighter II,fuzzy-augmented,1991 video game developed by Capcom,1.4822290021808571e-06,0.3082285952314926,Q1133204,Street Fighter II: The World Warrior,1,0.8576719576719576,0.16666666666666666,0.8944444444444445,0.761393107934501,0.235480627909748,0.07963709677419355,0.145748987854251,0.15789473684210525,0.9999997615814209,0
1,18,Street Fighter II,1992|Fighting|Super Nintendo|Capcom,Street Fighter II,Q196255,Street Fighter II Turbo: Hyper Fighting,Street Fighter II: Hyper Fighting,fuzzy-augmented,1992 arcade video game,3.6446407935283173e-07,0.27970659364990164,Q1133204,Street Fighter II: The World Warrior,-1,0.9154431216931216,0.25,0.8871794871794872,0.7350658587821585,0.235480627909748,0.03315412186379929,0.15789473684210525,0.15789473684210525,0.9999997615814209,0
1,18,Street Fighter II,1992|Fighting|Super Nintendo|Capcom,Street Fighter II,Q605180,Street Fighter: The Movie,STREET FIGHTER REAL BATTLE ON FILM|Street Fighter: Real Battle on Film,fuzzy-augmented,1995 console fighting game,3.76053846065555e-07,0.18197536157650393,Q1133204,Street Fighter II: The World Warrior,-1,0.8198908730158729,0.25,0.9162352941176469,0.7802288617099994,0.235480627909748,0.24697580645161288,0.10121457489878542,0.10526315789473684,0.9999995231628418,0
1,18,Street Fighter II,1992|Fighting|Super Nintendo|Capcom,Street Fighter II,Q16256689,Street Fighter,,fuzzy-augmented,1992 Korean animated film,3.436024992699295e-07,0.18407989676537517,Q1133204,Street Fighter II: The World Warrior,-1,0.9246031746031746,0.25,0.9647058823529412,0.5866278290175062,0.235480627909748,0.013278642936596231,0.05668016194331984,0.05263157894736842,0.9999995231628418,0
1,19,Sonic the Hedgehog,1991|Action-platformer|Sega Genesis|Sega,Sonic the Hedgehog,Q65239343,Sonic the Hedgehog,,fuzzy-augmented,Sega video game series,4.086218865079982e-07,0.2701536132805987,Q37123,Sonic the Hedgehog,-1,1.0,0.25,1.0,0.6734091634927117,0.235480627909748,0.018786656891495612,0.0728744939271255,0.07894736842105263,1.0,0
1,19,Sonic the Hedgehog,1991|Action-platformer|Sega Genesis|Sega,Sonic the Hedgehog,Q37115,Sonic the Hedgehog,Sonic the Hedgehog (Sega Master System)|Sonic 8-bit|Sonic the Hedgehog for Sega Master System|Sonic the Hedgehog for Sega Game Gear|Sonic the Hedgehog for the Sega Game Gear|Sonic the Hedgehog 8-bit|Sonic the Hedgehog (Sega Game Gear)|Sonic the Hedgehog for the Sega Master System,fuzzy-augmented,8-bit 1991 platform video game,4.4549746445456735e-07,0.28419595782498813,Q37123,Sonic the Hedgehog,-1,1.0,0.2,1.0,0.7970957171176447,0.235480627909748,0.1633064516129032,0.0728744939271255,0.07894736842105263,1.0,0
1,19,Sonic the Hedgehog,1991|Action-platformer|Sega Genesis|Sega,Sonic the Hedgehog,Q37123,Sonic the Hedgehog,Sonic 1|Sonic the Hedgehog I|Sonic the Hedgehog 1|Sonic I,fuzzy-augmented,1991 video game,5.723249172263516e-07,0.3024181194748238,Q37123,Sonic the Hedgehog,1,1.0,0.3333333333333333,1.0,0.7712357167251184,0.235480627909748,0.041605571847507336,0.0728744939271255,0.07894736842105263,1.0,0
1,19,Sonic the Hedgehog,1991|Action-platformer|Sega Genesis|Sega,Sonic the Hedgehog,Q1068669,Sonic the Hedgehog,Sonic the Hedgehog \06|Sonic \06|Sonic the Hedgehog 2006|Sonic 2006|Sonic 06|Sonic the Hedgehog 06|Sonic (2006)|Sonic the Hedgehog (2006),fuzzy-augmented,2006 video game by Sega,8.870639509976738e-07,0.3039760878681548,Q37123,Sonic the Hedgehog,-1,1.0,0.2,1.0,0.7865488979825909,0.235480627909748,0.06768433179723503,0.0728744939271255,0.07894736842105263,1.0,0
1,19,Sonic the Hedgehog,1991|Action-platformer|Sega Genesis|Sega,Sonic the Hedgehog,Q1046812,Sonic the Hedgehog,Sonic the Hedgehog series|Sonic|Sonic series,fuzzy-augmented,Sega video game series and associated media franchise,7.802327017496567e-06,0.2764158703431435,Q37123,Sonic the Hedgehog,-1,1.0,0.125,1.0,0.7328580291224558,0.235480627909748,0.02639296187683286,0.0728744939271255,0.07894736842105263,0.9999998807907104,0
1,2,Grand Theft Auto IV,"2008|Open World, Action|Windows, PlayStation 3, Xbox 360|Rockstar North",Grand Theft Auto IV,Q94797,Grand Theft Auto IV,GTA 4|GTA IV,fuzzy-augmented,2008 open world action-adventure video game,1.0174159037900636e-05,0.41715895335192554,Q94797,Grand Theft Auto IV,1,1.0,0.16666666666666666,1.0,0.7942129864406107,0.235480627909748,0.1967741935483871,0.07692307692307693,0.10526315789473684,1.0,1
1,2,Grand Theft Auto IV,"2008|Open World, Action|Windows, PlayStation 3, Xbox 360|Rockstar North",Grand Theft Auto IV,Q648099,Grand Theft Auto Advance,Grand Theft Auto|GTA Advance,fuzzy-augmented,handheld console game,1.3756920740087038e-06,0.32184975578405056,Q94797,Grand Theft Auto IV,-1,0.8886904761904761,0.0,0.9394736842105262,0.8318932082289215,0.235480627909748,0.9999999999999999,0.09716599190283401,0.10526315789473684,0.9999998807907104,1
1,2,Grand Theft Auto IV,"2008|Open World, Action|Windows, PlayStation 3, Xbox 360|Rockstar North",Grand Theft Auto IV,Q105265216,Grand Theft Auto,,fuzzy-augmented,Game Boy Color port of Grand Theft Auto,3.436024992699295e-07,0.2974686144614717,Q94797,Grand Theft Auto IV,-1,0.875,0.0,0.9684210526315791,0.8099353705292418,0.235480627909748,0.3306451612903225,0.06477732793522267,0.07894736842105263,0.9999998807907104,1
1,2,Grand Theft Auto IV,"2008|Open World, Action|Windows, PlayStation 3, Xbox 360|Rockstar North",Grand Theft Auto IV,Q149106,Grand Theft Auto III,GTA 3|GTA III,fuzzy-augmented,2001 open world action-adventure video game,3.0712677577479953e-06,0.2900404724571481,Q94797,Grand Theft Auto IV,-1,0.9027777777777778,0.125,0.9694736842105264,0.7861826670562574,0.235480627909748,0.13940092165898615,0.08097165991902834,0.10526315789473684,0.9999998807907104,1
1,2,Grand Theft Auto IV,"2008|Open World, Action|Windows, PlayStation 3, Xbox 360|Rockstar North",Grand Theft Auto IV,Q94501,Grand Theft Auto,Grand Theft Auto 1|GTA 1|GTA,fuzzy-augmented,1997 action-adventure open world video game,2.0002494174700363e-06,0.3065888133877962,Q94797,Grand Theft Auto IV,-1,0.875,0.125,0.9684210526315791,0.7670938407629115,0.235480627909748,0.05871975806451613,0.06477732793522267,0.07894736842105263,0.9999998807907104,1
1,20,Strider,1990|Action-adventure|Sega Genesis|Capcom,Strider,Q3500399,Strider,,fuzzy-augmented,side-scrolling action-adventure game,3.436024992699295e-07,0.19490363806136843,Q1780344,Strider,-1,1.0,0.3333333333333333,1.0,0.7735951045607506,0.235480627909748,0.13940092165898615,0.02834008097165992,0.02631578947368421,1.0,0
1,20,Strider,1990|Action-adventure|Sega Genesis|Capcom,Strider,Q14928351,Strider,,exact-match,video game from 2014,3.436024992699295e-07,0.1985442195080838,Q1780344,Strider,-1,1.0,0.0,1.0,0.8474321585702475,0.235480627909748,0.4979838709677419,0.02834008097165992,0.02631578947368421,0.9999998807907104,0
1,20,Strider,1990|Action-adventure|Sega Genesis|Capcom,Strider,Q3500405,Strider II,,fuzzy-augmented,1990 video game,3.436024992699295e-07,0.17812369430035166,Q1780344,Strider,-1,0.75,0.3333333333333333,0.94,0.7647194652533015,0.235480627909748,0.10752688172043011,0.04048582995951417,0.05263157894736842,0.9999998807907104,0
1,20,Strider,1990|Action-adventure|Sega Genesis|Capcom,Strider,Q1780344,Strider,Strider Hiryū|Strider Hiryu,fuzzy-augmented,1989 arcade video game,3.436024992699295e-07,0.2059917584785488,Q1780344,Strider,1,1.0,0.0,1.0,0.7112429408839829,0.235480627909748,0.06290322580645163,0.02834008097165992,0.02631578947368421,0.9999977350234985,0
1,20,Strider,1990|Action-adventure|Sega Genesis|Capcom,Strider,Q3500403,Strider 2,,fuzzy-augmented,1999 video game,3.436024992699295e-07,0.19717091430527267,Q1780344,Strider,-1,0.75,0.0,0.9555555555555556,0.7851682847910001,0.235480627909748,0.1967741935483871,0.03643724696356275,0.05263157894736842,0.9999964237213135,0
1,21,Ghouls 'n Ghosts,1989|Action-adventure|Sega Genesis|Capcom,Ghouls 'n Ghosts,Q1315653,Ghouls \n Ghosts,,exact-match,video game,3.436024992699295e-07,0.22088423997519224,Q1315653,Ghouls \\'n Ghosts,1,0.8888888888888888,0.0,0.975,0.7844414051576102,1.0,0.1967741935483871,0.06477732793522267,0.07894736842105263,1.0,1
1,21,Ghouls 'n Ghosts,1989|Action-adventure|Sega Genesis|Capcom,Ghouls 'n Ghosts,Q275122,Super Ghouls \n Ghosts,,fuzzy-augmented,1991 video game,3.436024992699295e-07,0.31127589424977703,Q1315653,Ghouls \\'n Ghosts,-1,0.8347222222222221,0.0,0.717550505050505,0.838053052910042,0.235480627909748,0.9999999999999999,0.08906882591093118,0.10526315789473684,0.9999980926513672,1
1,21,Ghouls 'n Ghosts,1989|Action-adventure|Sega Genesis|Capcom,Ghouls 'n Ghosts,Q5557386,Ghosts\n Goblins,,fuzzy-augmented,video game series by Capcom,6.725292389898464e-07,0.1949591816048337,Q1315653,Ghouls \\'n Ghosts,-1,0.7229497354497354,0.2,0.8117424242424243,0.6602737361554458,0.235480627909748,0.08724340175953081,0.06477732793522267,0.05263157894736842,0.9999974966049194,1
1,21,Ghouls 'n Ghosts,1989|Action-adventure|Sega Genesis|Capcom,Ghouls 'n Ghosts,Q5557490,Ghouls,,fuzzy-augmented,1984 video game,3.436024992699295e-07,0.2037169576372805,Q1315653,Ghouls \\'n Ghosts,-1,0.8074074074074074,0.0,0.875,0.7610546479336281,0.235480627909748,0.1633064516129032,0.024291497975708502,0.02631578947368421,0.9999960660934448,1
1,21,Ghouls 'n Ghosts,1989|Action-adventure|Sega Genesis|Capcom,Ghouls 'n Ghosts,Q956303,Ghosts \n Goblins,Makaimura|魔界村,fuzzy-augmented,1985 video game,1.510545555458901e-06,0.2142642030720823,Q1315653,Ghouls \\'n Ghosts,-1,0.8248677248677247,0.0,0.6872771836007129,0.7881779607763056,0.235480627909748,0.3306451612903225,0.06882591093117409,0.07894736842105263,0.9999860525131226,1
1,3,BioShock,"2007|Shooter|Windows , Xbox 360, Mac OS X, PlayStation 3|2K Boston/2K Australia",BioShock,Q57270,BioShock,,exact-match,2007 video game,5.482136872964143e-07,0.2143052981667525,Q57270,BioShock,1,1.0,0.3333333333333333,1.0,0.7823420590208403,0.235480627909748,0.3306451612903225,0.032388663967611336,0.02631578947368421,1.0,1
1,3,BioShock,"2007|Shooter|Windows , Xbox 360, Mac OS X, PlayStation 3|2K Boston/2K Australia",BioShock,Q4914658,BioShock series,,fuzzy-augmented,First-person shooter video game series developed by Irrational Games,8.943469960023595e-07,0.22989175321947636,Q57270,BioShock,-1,0.8402777777777778,0.1111111111111111,0.9066666666666666,0.7357901390863495,0.235480627909748,0.1633064516129032,0.06072874493927126,0.05263157894736842,0.9999995231628418,1
1,3,BioShock,"2007|Shooter|Windows , Xbox 360, Mac OS X, PlayStation 3|2K Boston/2K Australia",BioShock,Q2074746,BioShock Infinite,,fuzzy-augmented,first-person shooter video game and the third installment in the BioShock series,5.77142081791242e-07,0.20754432015848287,Q57270,BioShock,-1,0.8541666666666667,0.09090909090909093,0.8941176470588236,0.8431016165703551,0.235480627909748,0.9999999999999999,0.06882591093117409,0.05263157894736842,0.9999992847442627,1
1,3,BioShock,"2007|Shooter|Windows , Xbox 360, Mac OS X, PlayStation 3|2K Boston/2K Australia",BioShock,Q302839,BioShock 2,,fuzzy-augmented,2010 first-person shooter video game developed by 2K Marin,4.66336342878804e-07,0.19767317863378867,Q57270,BioShock,-1,0.75,0.1111111111111111,0.96,0.7713035835776569,0.235480627909748,0.24697580645161288,0.04048582995951417,0.05263157894736842,0.9999991655349731,1
1,3,BioShock,"2007|Shooter|Windows , Xbox 360, Mac OS X, PlayStation 3|2K Boston/2K Australia",BioShock,Q4914660,BioShock,,exact-match,extended play,3.436024992699295e-07,0.2143052981667525,Q57270,BioShock,-1,1.0,0.0,1.0,0.4817453684503325,0.235480627909748,0.05174731182795699,0.032388663967611336,0.02631578947368421,0.999994158744812,1
1,4,The Legend of Zelda: Twilight Princess,"2006|Action-adventure|Wii, Nintendo GameCube|Nintendo",The Legend of Zelda  Twilight Princess,Q735613,The Legend of Zelda: Twilight Princess,TLoZ: TP|Zelda: Twilight Princess|TLOZ: TP|TLOZ: Twilight Princess|Zelda: TP|TLoZ: Twilight Princess|Twilight Princess,fuzzy-augmented,2006 action-adventure video game,6.033000517170999e-07,0.4917646540133621,Q735613,The Legend of Zelda: Twilight Princess,1,0.9234126984126984,0.25,0.9678520625889048,0.8093092824184346,0.235480627909748,0.12147177419354839,0.15384615384615385,0.15789473684210525,1.0,1
1,4,The Legend of Zelda: Twilight Princess,"2006|Action-adventure|Wii, Nintendo GameCube|Nintendo",The Legend of Zelda  Twilight Princess,Q12395,The Legend of Zelda,The Legend of Zelda (video game)|LoZ: The Hyrule Fantasy|THE HYRULE FANTASY|The Hyrule Fantasy|Legend of Zelda: The Hyrule Fantasy,fuzzy-augmented,1986 action-adventure video game,6.4025013664677e-07,0.3137054737169327,Q735613,The Legend of Zelda: Twilight Princess,-1,0.8492063492063492,0.25,0.9,0.8004017852047628,0.235480627909748,0.07320099255583128,0.07692307692307693,0.10526315789473684,1.0,1
1,4,The Legend of Zelda: Twilight Princess,"2006|Action-adventure|Wii, Nintendo GameCube|Nintendo",The Legend of Zelda  Twilight Princess,Q213911,The Legend of Zelda: Ocarina of Time,OoT|Zelda 64|Zelda OoT|Ocarina of Time|Zelda Ocarina of Time|Zelda: OoT|Zelda: Ocarina of Time|TloZ: OoT,fuzzy-augmented,1998 video game for the Nintendo 64,1.1911033254103161e-06,0.32167830900405636,Q735613,The Legend of Zelda: Twilight Princess,-1,0.8141156462585033,0.14285714285714285,0.8930530348860658,0.8196125762481342,0.235480627909748,0.24697580645161288,0.145748987854251,0.18421052631578946,0.9999998807907104,1
1,4,The Legend of Zelda: Twilight Princess,"2006|Action-adventure|Wii, Nintendo GameCube|Nintendo",The Legend of Zelda  Twilight Princess,Q14915024,The Legend of Zelda: Hyrule Historia,Hyrule Historia,fuzzy-augmented,book by Nintendo,3.436024992699295e-07,0.2852090191106954,Q735613,The Legend of Zelda: Twilight Princess,-1,0.773776455026455,0.3333333333333333,0.8861564831619277,0.5888483677755219,0.235480627909748,0.015654648956356747,0.145748987854251,0.15789473684210525,0.9999997615814209,1
1,4,The Legend of Zelda: Twilight Princess,"2006|Action-adventure|Wii, Nintendo GameCube|Nintendo",The Legend of Zelda  Twilight Princess,Q861205,The Legend of Zelda: Skyward Sword,,fuzzy-augmented,2011 video game on the Nintendo Wii,6.300602614114573e-07,0.31303477652022194,Q735613,The Legend of Zelda: Twilight Princess,-1,0.7593253968253968,0.14285714285714285,0.8706377708978328,0.8276802534227766,0.235480627909748,0.4979838709677419,0.13765182186234817,0.15789473684210525,0.9999997615814209,1
1,5,Resident Evil 4,"2005|Survival Horror: (Third-Person) Shooter|GameCube, PlayStation 2, Windows, Wii|Capcom",Resident Evil 4,Q622336,Resident Evil,REmake|Biohazard|Resident Evil (2002 video game),fuzzy-augmented,2002 survival horror video game remake,4.7462893025352463e-07,0.28112236853553463,Q275950,Resident Evil 4,-1,0.8333333333333333,0.1111111111111111,0.9733333333333334,0.8508612759610004,0.235480627909748,0.9999999999999999,0.05263157894736842,0.05263157894736842,1.0,0
1,5,Resident Evil 4,"2005|Survival Horror: (Third-Person) Shooter|GameCube, PlayStation 2, Windows, Wii|Capcom",Resident Evil 4,Q275950,Resident Evil 4,,exact-match,2005 survival horror video game,7.0089136981933e-07,0.22088423997519224,Q275950,Resident Evil 4,1,1.0,0.2,1.0,0.850687195995076,1.0,0.3306451612903225,0.06072874493927126,0.07894736842105263,1.0,0
1,5,Resident Evil 4,"2005|Survival Horror: (Third-Person) Shooter|GameCube, PlayStation 2, Windows, Wii|Capcom",Resident Evil 4,Q1248594,Resident Evil,Resident Evil 1|Bio Hazard,fuzzy-augmented,1996 survival horror video game,6.701034537683159e-07,0.2528697658674183,Q275950,Resident Evil 4,-1,0.8333333333333333,0.125,0.9733333333333334,0.8094112132885524,0.235480627909748,0.05174731182795699,0.05263157894736842,0.05263157894736842,0.9999996423721313,0
1,5,Resident Evil 4,"2005|Survival Horror: (Third-Person) Shooter|GameCube, PlayStation 2, Windows, Wii|Capcom",Resident Evil 4,Q78059950,Resident Evil 3,RE 3|RE3|Resident Evil 3 Remake|RE3 Remake|RE 3 Remake|Biohazard RE:3,fuzzy-augmented,2020 survival horror video game remake developed by Capcom,7.614116916995016e-07,0.2670042078179752,Q275950,Resident Evil 4,-1,0.6666666666666666,0.1111111111111111,0.9733333333333334,0.8314550837543635,0.235480627909748,0.1633064516129032,0.06072874493927126,0.07894736842105263,0.9999995231628418,0
1,5,Resident Evil 4,"2005|Survival Horror: (Third-Person) Shooter|GameCube, PlayStation 2, Windows, Wii|Capcom",Resident Evil 4,Q1138864,Resident Evil: Revelations,Resident Evil Revelations,fuzzy-augmented,2012 survival horror video game,5.634452669889955e-07,0.2750247769514353,Q275950,Resident Evil 4,-1,0.7657070707070708,0.125,0.8943589743589744,0.8254751015120989,0.235480627909748,0.12147177419354839,0.10526315789473684,0.07894736842105263,0.9999995231628418,0
1,6,Halo 2,"2004|Shooter|Xbox, Windows,|Bungie",Halo 2,Q252804,Halo 2,,fuzzy-augmented,2004 video game,1.527512829871732e-06,0.21771898092921851,Q252804,Halo 2,1,1.0,0.3333333333333333,1.0,0.7771577921252035,0.235480627909748,0.13940092165898615,0.024291497975708502,0.05263157894736842,1.0,1
1,6,Halo 2,"2004|Shooter|Xbox, Windows,|Bungie",Halo 2,Q20831013,Halo Wars 2,,fuzzy-augmented,video game,4.212621672773282e-07,0.21123500788886324,Q252804,Halo 2,-1,0.9166666666666669,0.0,0.8575757575757577,0.8019742008739553,0.235480627909748,0.4979838709677419,0.04453441295546559,0.07894736842105263,0.9999984502792358,1
1,6,Halo 2,"2004|Shooter|Xbox, Windows,|Bungie",Halo 2,Q11861246,Halo,Halo (album)|Halo (Jonna Tervomaa),fuzzy-augmented,2004 album by Jonna Tervomaa,3.9105907845573427e-07,0.16193267501421804,Q252804,Halo 2,-1,0.75,0.2,0.9333333333333332,0.5454840252957401,0.235480627909748,0.018279569892473133,0.016194331983805668,0.02631578947368421,0.9999960660934448,1
1,6,Halo 2,"2004|Shooter|Xbox, Windows,|Bungie",Halo 2,Q45028,Halo 4,,fuzzy-augmented,2012 first-person shooter video game developed by 343 Industries,6.649802428981021e-07,0.14464235176352278,Q252804,Halo 2,-1,0.5,0.1111111111111111,0.9333333333333332,0.8002327775780934,0.235480627909748,0.3306451612903225,0.024291497975708502,0.05263157894736842,0.9999805688858032,1
1,6,Halo 2,"2004|Shooter|Xbox, Windows,|Bungie",Halo 2,Q54913666,Halo Infinite,,fuzzy-augmented,upcoming 2021 first-person shooter video game developed by 343 Industries,4.912315934178926e-07,0.16796074298424207,Q252804,Halo 2,-1,0.5,0.1,0.8435897435897436,0.79860591040155,0.235480627909748,0.24697580645161288,0.05263157894736842,0.05263157894736842,0.9999655485153198,1
1,7,Prince of Persia: Sands of Time,"2003|Action-adventure|Xbox, GameCube, PlayStation 2, Windows|Ubisoft Montreal",Prince of Persia  Sands of Time,Q715292,Prince of Persia: The Sands of Time,,fuzzy-augmented,2003 video game,5.968285394314384e-07,0.49473015994555,Q715292,Prince of Persia: The Sands of Time,1,0.9066326530612244,0.3333333333333333,0.9319815668202764,0.7384459109300655,0.235480627909748,0.05871975806451613,0.1417004048582996,0.18421052631578946,1.0,1
1,7,Prince of Persia: Sands of Time,"2003|Action-adventure|Xbox, GameCube, PlayStation 2, Windows|Ubisoft Montreal",Prince of Persia  Sands of Time,Q99309488,Prince of Persia: The Sands of Time,,fuzzy-augmented,2003 handheld video game,3.562851055816787e-07,0.31378036331586706,Q715292,Prince of Persia: The Sands of Time,-1,0.9066326530612244,0.25,0.9319815668202764,0.7682427287245636,0.235480627909748,0.12147177419354839,0.1417004048582996,0.18421052631578946,1.0,1
1,7,Prince of Persia: Sands of Time,"2003|Action-adventure|Xbox, GameCube, PlayStation 2, Windows|Ubisoft Montreal",Prince of Persia  Sands of Time,Q852583,Prince of Persia,,fuzzy-augmented,2008 video game,3.810075310579019e-07,0.33263175032876835,Q715292,Prince of Persia: The Sands of Time,-1,0.8619047619047621,0.0,0.9032258064516128,0.8166024195219284,0.235480627909748,0.4979838709677419,0.06477732793522267,0.07894736842105263,0.9999998807907104,1
1,7,Prince of Persia: Sands of Time,"2003|Action-adventure|Xbox, GameCube, PlayStation 2, Windows|Ubisoft Montreal",Prince of Persia  Sands of Time,Q245172,Prince of Persia: The Sands of Time,,fuzzy-augmented,2010 American action fantasy film,5.162126926142e-07,0.49035703501742955,Q715292,Prince of Persia: The Sands of Time,-1,0.9066326530612244,0.0,0.9319815668202764,0.6517256976717211,0.235480627909748,0.02943548387096775,0.1417004048582996,0.18421052631578946,0.9999997615814209,1
1,7,Prince of Persia: Sands of Time,"2003|Action-adventure|Xbox, GameCube, PlayStation 2, Windows|Ubisoft Montreal",Prince of Persia  Sands of Time,Q917588,Prince of Persia: The Forgotten Sands,,fuzzy-augmented,"video game for PC, Xbox 360 and PS3",4.303892120501475e-07,0.37551772971798997,Q715292,Prince of Persia: The Sands of Time,-1,0.8499653565129757,0.0,0.8962822269273882,0.7855799239374176,0.235480627909748,0.1967741935483871,0.14979757085020243,0.15789473684210525,0.9999996423721313,1
1,8,Metroid Prime,2002|Action-adventure|Nintendo GameCube|Nintendo,Metroid Prime,Q1765733,Metroid Prime,,fuzzy-augmented,2002 video game,7.165095244019769e-07,0.27684512876759976,Q1765733,Metroid Prime,1,1.0,0.3333333333333333,1.0,0.8335772468056301,0.235480627909748,0.9999999999999999,0.05263157894736842,0.05263157894736842,1.0,1
1,8,Metroid Prime,2002|Action-adventure|Nintendo GameCube|Nintendo,Metroid Prime,Q2089035,Metroid Prime 2: Echoes,Dark Echoes,fuzzy-augmented,2004 action-adventure first person-shooter video game,4.6079875398212504e-07,0.2693034457819413,Q1765733,Metroid Prime,-1,0.8174603174603174,0.16666666666666666,0.9130434782608696,0.8185354687122393,0.235480627909748,0.1967741935483871,0.0931174089068826,0.10526315789473684,0.9999998807907104,1
1,8,Metroid Prime,2002|Action-adventure|Nintendo GameCube|Nintendo,Metroid Prime,Q2530723,Metroid,,fuzzy-augmented,1986 action-adventure shooter video game,5.198599115103781e-07,0.1981146556195938,Q1765733,Metroid Prime,-1,0.8619047619047621,0.2,0.9076923076923076,0.7938635052883305,0.235480627909748,0.12147177419354839,0.02834008097165992,0.02631578947368421,0.9999998807907104,1
1,8,Metroid Prime,2002|Action-adventure|Nintendo GameCube|Nintendo,Metroid Prime,Q1139244,Metroid Prime Hunters,,fuzzy-augmented,2006 action-adventure first-person shooter video game,4.40233055095872e-07,0.2767318830681642,Q1765733,Metroid Prime,-1,0.917989417989418,0.16666666666666666,0.923809523809524,0.7894086654684779,0.235480627909748,0.0963709677419355,0.08502024291497975,0.07894736842105263,0.9999998807907104,1
1,8,Metroid Prime,2002|Action-adventure|Nintendo GameCube|Nintendo,Metroid Prime,Q2539933,Metroid Prime: Trilogy,,fuzzy-augmented,video game compilation,4.597038631732474e-07,0.2750209077403415,Q1765733,Metroid Prime,-1,0.9246031746031746,0.0,0.9181818181818182,0.8073841853476738,0.235480627909748,0.1633064516129032,0.08906882591093118,0.07894736842105263,0.9999992847442627,1
1,9,Halo Combat Evolved,"2001|Shooter|Xbox, Windows, Macintosh|Bungie",Halo Combat Evolved,Q276217,Halo: Combat Evolved,Halo: CE|Halo 1|Halo PC|Halo,fuzzy-augmented,2001 video game,8.678430707937966e-07,0.41718007109879024,Q276217,Halo: Combat Evolved,1,0.9866666666666668,0.3333333333333333,0.99,0.8186399381948972,0.235480627909748,0.9999999999999999,0.08097165991902834,0.07894736842105263,1.0,1
1,9,Halo Combat Evolved,"2001|Shooter|Xbox, Windows, Macintosh|Bungie",Halo Combat Evolved,Q61721730,Halo Combat Evolved,,fuzzy-augmented,video game owned by Stanford University Libraries,3.436024992699295e-07,0.3611925254783732,Q276217,Halo: Combat Evolved,-1,1.0,0.0,1.0,0.7464747133995474,0.235480627909748,0.24697580645161288,0.07692307692307693,0.07894736842105263,1.0,1
1,9,Halo Combat Evolved,"2001|Shooter|Xbox, Windows, Macintosh|Bungie",Halo Combat Evolved,Q2642466,Halo: Combat Evolved Anniversary,,fuzzy-augmented,2011 first-person shooter video game,4.980884952911457e-07,0.3835414858595353,Q276217,Halo: Combat Evolved,-1,0.9244805194805196,0.2,0.91875,0.7815973692999048,0.235480627909748,0.3306451612903225,0.12955465587044535,0.10526315789473684,1.0,1
1,9,Halo Combat Evolved,"2001|Shooter|Xbox, Windows, Macintosh|Bungie",Halo Combat Evolved,Q5643304,Halo,,fuzzy-augmented,2001 single by Soil,3.436024992699295e-07,0.1633425544440002,Q276217,Halo: Combat Evolved,-1,0.8167989417989419,0.25,0.8421052631578947,0.5364873799333227,0.235480627909748,0.02639296187683286,0.016194331983805668,0.02631578947368421,0.9999980926513672,1
1,9,Halo Combat Evolved,"2001|Shooter|Xbox, Windows, Macintosh|Bungie",Halo Combat Evolved,Q1747150,Halo,,fuzzy-augmented,series of video games,3.076723863799841e-06,0.1643785255322367,Q276217,Halo: Combat Evolved,-1,0.8167989417989419,0.0,0.8421052631578947,0.7332843568368913,0.235480627909748,0.13940092165898615,0.016194331983805668,0.02631578947368421,0.999983549118042,1
